Datum,Autobahn_KFZ_Total,Autobahn_KFZ_Total_Rolling_Average_7_Days
2017-01-01,26975627,
2017-01-02,41560509,
2017-01-03,39117647,
2017-01-04,36828052,
2017-01-05,39337185,
2017-01-06,39006267,
2017-01-07,31657807,36354727.71428572
2017-01-08,29209714,36673883.0
2017-01-09,41175427,36618871.28571428
2017-01-10,39907081,36731647.571428575
2017-01-11,41255728,37364172.71428572
2017-01-12,43493472,37957928.0
2017-01-13,42542248,38463068.14285714
2017-01-14,30303106,38269539.428571425
2017-01-15,26828791,37929407.571428575
2017-01-16,42164595,38070717.28571428
2017-01-17,42720007,38472563.85714286
2017-01-18,43675153,38818196.0
2017-01-19,44924345,39022606.428571425
2017-01-20,47555831,39738832.571428575
2017-01-21,34914810,40397647.428571425
2017-01-22,30356064,40901543.571428575
2017-01-23,43119006,41037888.0
2017-01-24,42798813,41049146.0
2017-01-25,44167076,41119420.71428572
2017-01-26,45732979,41234939.85714286
2017-01-27,49553385,41520304.71428572
2017-01-28,36948684,41810858.14285714
2017-01-29,31418487,41962632.85714286
2017-01-30,43432746,42007452.85714286
2017-01-31,43756776,42144304.71428572
2017-02-01,44521108,42194880.71428572
2017-02-02,45751764,42197564.28571428
2017-02-03,49141383,42138706.85714286
2017-02-04,37533066,42222190.0
2017-02-05,31960927,42299681.428571425
2017-02-06,44386418,42435920.28571428
2017-02-07,44255093,42507108.428571425
2017-02-08,45107893,42590934.85714286
2017-02-09,46590463,42710749.0
2017-02-10,49871666,42815075.14285714
2017-02-11,36936771,42729890.14285714
2017-02-12,31884394,42718956.85714286
2017-02-13,44854230,42785787.14285714
2017-02-14,45038110,42897646.71428572
2017-02-15,46717171,43127543.571428575
2017-02-16,47646525,43278409.571428575
2017-02-17,51280652,43479693.28571428
2017-02-18,39539251,43851476.14285714
2017-02-19,33369809,44063678.28571428
2017-02-20,45226540,44116865.428571425
2017-02-21,44943085,44103290.428571425
2017-02-22,46363703,44052795.0
2017-02-23,46621156,43906313.71428572
2017-02-24,52474202,44076820.85714286
2017-02-25,40544851,44220478.0
2017-02-26,32014585,44026874.571428575
2017-02-27,41905142,43552389.14285714
2017-02-28,44564835,43498353.428571425
2017-03-01,46727959,43550390.0
2017-03-02,47845770,43725334.85714286
2017-03-03,52305194,43701190.85714286
2017-03-04,43002403,44052269.71428572
2017-03-05,36355582,44672412.14285714
2017-03-06,45953831,45250796.28571428
2017-03-07,45616899,45401091.14285714
2017-03-08,46572449,45378875.428571425
2017-03-09,48141331,45421098.428571425
2017-03-10,52192618,45405016.14285714
2017-03-11,40278119,45015832.71428572
2017-03-12,36989645,45106413.14285714
2017-03-13,46893916,45240711.0
2017-03-14,46670167,45391177.85714286
2017-03-15,48092365,45608308.71428572
2017-03-16,49614413,45818749.0
2017-03-17,52418584,45851029.85714286
2017-03-18,38729542,45629804.571428575
2017-03-19,35263212,45383171.28571428
2017-03-20,46830454,45374105.28571428
2017-03-21,46461271,45344263.0
2017-03-22,47731460,45292705.14285714
2017-03-23,49435340,45267123.28571428
2017-03-24,52224316,45239370.71428572
2017-03-25,38748343,45242056.571428575
2017-03-26,36171662,45371835.14285714
2017-03-27,47076419,45406973.0
2017-03-28,46603922,45427351.71428572
2017-03-29,47848047,45444007.0
2017-03-30,49681028,45479105.28571428
2017-03-31,52895209,45574947.14285714
2017-04-01,39977475,45750537.428571425
2017-04-02,37504976,45941010.85714286
2017-04-03,47897239,46058270.85714286
2017-04-04,47694533,46214072.428571425
2017-04-05,48920035,46367213.571428575
2017-04-06,50824039,46530500.85714286
2017-04-07,55257700,46867999.571428575
2017-04-08,44074385,47453272.428571425
2017-04-09,38940174,47658300.71428572
2017-04-10,48257898,47709823.428571425
2017-04-11,48055056,47761326.71428572
2017-04-12,51654874,48152018.0
2017-04-13,57349708,49084256.428571425
2017-04-14,41017934,47050004.14285714
2017-04-15,35421450,45813870.571428575
2017-04-16,33173041,44989994.428571425
2017-04-17,42566090,44176879.0
2017-04-18,50359910,44506143.85714286
2017-04-19,48311586,44028531.28571428
2017-04-20,49655602,42929373.28571428
2017-04-21,52728833,44602358.85714286
2017-04-22,41719414,45502068.0
2017-04-23,38441057,46254641.71428572
2017-04-24,48668810,47126458.85714286
2017-04-25,48023766,46792724.0
2017-04-26,49117224,46907815.14285714
2017-04-27,51564180,47180469.14285714
2017-04-28,56501809,47719465.71428572
2017-04-29,42888241,47886441.0
2017-04-30,35690822,47493550.28571428
2017-05-01,35446212,45604607.71428572
2017-05-02,48790461,45714135.571428575
2017-05-03,48111277,45570428.85714286
2017-05-04,49401882,45261529.14285714
2017-05-05,53605546,44847777.28571428
2017-05-06,40173101,44459900.14285714
2017-05-07,37443292,44710253.0
2017-05-08,48223897,46535636.571428575
2017-05-09,47486149,46349306.28571428
2017-05-10,48830716,46452083.28571428
2017-05-11,50581056,46620536.71428572
2017-05-12,53908304,46663787.85714286
2017-05-13,39220207,46527660.14285714
2017-05-14,40104935,46907894.85714286
2017-05-15,48462046,46941916.14285714
2017-05-16,47649972,46965319.428571425
2017-05-17,48532048,46922652.571428575
2017-05-18,50379940,46893921.71428572
2017-05-19,53611575,46851531.85714286
2017-05-20,41223837,47137764.71428572
2017-05-21,40030833,47127178.71428572
2017-05-22,48026986,47065027.28571428
2017-05-23,48378153,47169053.14285714
2017-05-24,57580011,48461619.28571428
2017-05-25,37855699,46672442.0
2017-05-26,44152726,45321177.85714286
2017-05-27,38719259,44963381.0
2017-05-28,45980146,45813282.85714286
2017-05-29,49188433,45979203.85714286
2017-05-30,47179251,45807932.14285714
2017-05-31,49087864,44594768.28571428
2017-06-01,51545546,46550460.71428572
2017-06-02,56864398,48366413.85714286
2017-06-03,42353839,48885639.571428575
2017-06-04,33355529,47082122.85714286
2017-06-05,39873761,45751455.428571425
2017-06-06,50974023,46293565.71428572
2017-06-07,48849115,46259458.71428572
2017-06-08,50180291,46064422.28571428
2017-06-09,53060127,45520955.0
2017-06-10,41853476,45449474.571428575
2017-06-11,39616726,46343931.28571428
2017-06-12,48297616,47547339.14285714
2017-06-13,48207054,47152057.85714286
2017-06-14,53988409,47886242.71428572
2017-06-15,39894837,46416892.14285714
2017-06-16,48722949,45797295.28571428
2017-06-17,41855271,45797551.71428572
2017-06-18,44924769,46555843.571428575
2017-06-19,49237059,46690049.71428572
2017-06-20,47569402,46598956.571428575
2017-06-21,49111074,45902194.428571425
2017-06-22,50619774,47434328.28571428
2017-06-23,55239094,48365206.14285714
2017-06-24,42087425,48398371.0
2017-06-25,41617493,47925903.0
2017-06-26,49492095,47962336.71428572
2017-06-27,48365480,48076062.14285714
2017-06-28,49461423,48126112.0
2017-06-29,51658994,48274572.0
2017-06-30,56465044,48449707.71428572
2017-07-01,44633285,48813402.0
2017-07-02,42561801,48948303.14285714
2017-07-03,49486310,48947476.71428572
2017-07-04,48126301,48913308.28571428
2017-07-05,49493964,48917957.0
2017-07-06,51319332,48869433.85714286
2017-07-07,54911021,48647430.571428575
2017-07-08,43849003,48535390.28571428
2017-07-09,43469331,48665037.428571425
2017-07-10,49658942,48689699.14285714
2017-07-11,48261567,48709022.85714286
2017-07-12,49025844,48642148.571428575
2017-07-13,52397014,48796103.14285714
2017-07-14,56977736,49091348.14285714
2017-07-15,47434475,49603558.428571425
2017-07-16,45393617,49878456.428571425
2017-07-17,49816762,49901002.14285714
2017-07-18,48299856,49906472.0
2017-07-19,49256548,49939429.71428572
2017-07-20,51899634,49868375.428571425
2017-07-21,56422376,49789038.28571428
2017-07-22,46936285,49717868.28571428
2017-07-23,45088424,49674269.28571428
2017-07-24,49538653,49634539.428571425
2017-07-25,47446661,49512654.428571425
2017-07-26,49144444,49496639.571428575
2017-07-27,51958970,49505116.14285714
2017-07-28,56687271,49542958.28571428
2017-07-29,47913480,49682557.571428575
2017-07-30,46362739,49864602.571428575
2017-07-31,50635782,50021335.28571428
2017-08-01,48419058,50160249.14285714
2017-08-02,49715932,50241890.28571428
2017-08-03,51349301,50154794.71428572
2017-08-04,56237351,50090520.428571425
2017-08-05,47577739,50042557.428571425
2017-08-06,47285838,50174428.71428572
2017-08-07,49879583,50066400.28571428
2017-08-08,47908460,49993457.71428572
2017-08-09,49427492,49952252.0
2017-08-10,51091191,49915379.14285714
2017-08-11,55328301,49785514.85714286
2017-08-12,46506511,49632482.28571428
2017-08-13,44977959,49302785.28571428
2017-08-14,48680596,49131501.428571425
2017-08-15,45888946,48842999.428571425
2017-08-16,49064138,48791091.71428572
2017-08-17,50840063,48755216.28571428
2017-08-18,54249174,48601055.28571428
2017-08-19,45788413,48498469.85714286
2017-08-20,45304876,48545172.28571428
2017-08-21,49375048,48644379.71428572
2017-08-22,48032583,48950613.571428575
2017-08-23,49583489,49024806.571428575
2017-08-24,51879174,49173251.0
2017-08-25,55630290,49370553.28571428
2017-08-26,45824419,49375697.0
2017-08-27,45229126,49364875.571428575
2017-08-28,49604170,49397607.28571428
2017-08-29,48538932,49469942.85714286
2017-08-30,49360357,49438066.85714286
2017-08-31,51279328,49352374.571428575
2017-09-01,55364389,49314388.71428572
2017-09-02,44794168,49167210.0
2017-09-03,44474798,49059448.85714286
2017-09-04,48791139,48943301.571428575
2017-09-05,47794862,48837005.85714286
2017-09-06,48618457,48731020.14285714
2017-09-07,51062860,48700096.14285714
2017-09-08,54628980,48595037.71428572
2017-09-09,43071169,48348895.0
2017-09-10,43454633,48203157.14285714
2017-09-11,48913271,48220604.571428575
2017-09-12,47850051,48228488.71428572
2017-09-13,48700674,48240234.0
2017-09-14,50564122,48168985.71428572
2017-09-15,55201460,48250768.571428575
2017-09-16,43653646,48333979.571428575
2017-09-17,42808553,48241682.428571425
2017-09-18,48462182,48177241.14285714
2017-09-19,48062703,48207620.0
2017-09-20,49307152,48294259.71428572
2017-09-21,50786278,48325996.28571428
2017-09-22,54945786,48289471.428571425
2017-09-23,42493543,48123742.428571425
2017-09-24,41315513,47910451.0
2017-09-25,48566117,47925298.85714286
2017-09-26,47931043,47906490.28571428
2017-09-27,49343107,47911626.71428572
2017-09-28,51546972,48020297.28571428
2017-09-29,57955903,48450314.0
2017-09-30,46139090,48971106.428571425
2017-10-01,40061451,48791954.71428572
2017-10-02,43679146,48093816.0
2017-10-03,36914327,46519999.428571425
2017-10-04,50885484,46740339.0
2017-10-05,48590524,46317989.28571428
2017-10-06,53236057,45643725.571428575
2017-10-07,40891270,44894037.0
2017-10-08,39085928,44754676.571428575
2017-10-09,48128432,45390288.85714286
2017-10-10,47188618,46858044.71428572
2017-10-11,48722767,46549085.14285714
2017-10-12,50709834,46851843.71428572
2017-10-13,54314907,47005965.14285714
2017-10-14,42340353,47212977.0
2017-10-15,42414002,47688416.14285714
2017-10-16,48793578,47783437.0
2017-10-17,47994592,47898576.14285714
2017-10-18,49024477,47941677.571428575
2017-10-19,50690148,47938865.28571428
2017-10-20,53765035,47860312.14285714
2017-10-21,40430021,47587407.571428575
2017-10-22,37288997,46855264.0
2017-10-23,47842543,46719401.85714286
2017-10-24,47007903,46578446.28571428
2017-10-25,48703762,46532629.85714286
2017-10-26,50937301,46567937.428571425
2017-10-27,56773888,46997773.571428575
2017-10-28,46332586,47840997.14285714
2017-10-29,35474210,47581741.85714286
2017-10-30,44095120,47046395.71428572
2017-10-31,32829773,45020948.571428575
2017-11-01,40411905,43836397.571428575
2017-11-02,48352156,43467091.14285714
2017-11-03,50650496,42592320.85714286
2017-11-04,39471610,41612181.428571425
2017-11-05,36017815,41689839.28571428
2017-11-06,47125126,42122697.28571428
2017-11-07,46553457,44083223.571428575
2017-11-08,47259286,45061420.85714286
2017-11-09,48667263,45106436.14285714
2017-11-10,51239938,45190642.14285714
2017-11-11,35083791,44563810.85714286
2017-11-12,32626054,44079273.571428575
2017-11-13,46721149,44021562.571428575
2017-11-14,46556904,44022055.0
2017-11-15,47780902,44096571.571428575
2017-11-16,49305257,44187713.571428575
2017-11-17,52136896,44315850.428571425
2017-11-18,36773140,44557186.0
2017-11-19,33049384,44617661.71428572
2017-11-20,45989210,44513099.0
2017-11-21,45983187,44431139.428571425
2017-11-22,46839082,44296593.71428572
2017-11-23,48964149,44247864.0
2017-11-24,51763436,44194512.571428575
2017-11-25,35752485,44048704.71428572
2017-11-26,33037326,44046982.14285714
2017-11-27,46361078,44100106.14285714
2017-11-28,46064387,44111706.14285714
2017-11-29,47119052,44151701.85714286
2017-11-30,48921494,44145608.28571428
2017-12-01,51913212,44167004.85714286
2017-12-02,37248711,44380751.428571425
2017-12-03,33201697,44404233.0
2017-12-04,46212483,44383005.14285714
2017-12-05,46489733,44443768.85714286
2017-12-06,47443775,44490157.85714286
2017-12-07,49254497,44537729.71428572
2017-12-08,50772447,44374763.28571428
2017-12-09,35171634,44078038.0
2017-12-10,29895920,43605784.14285714
2017-12-11,45405297,43490471.85714286
2017-12-12,45841449,43397859.85714286
2017-12-13,46964183,43329346.71428572
2017-12-14,48738321,43255607.28571428
2017-12-15,51277318,43327731.71428572
2017-12-16,37935640,43722589.71428572
2017-12-17,32404945,44081021.85714286
2017-12-18,44406052,43938272.571428575
2017-12-19,46009334,43962256.14285714
2017-12-20,48082017,44121946.71428572
2017-12-21,49665209,44254359.28571428
2017-12-22,50018630,44074546.71428572
2017-12-23,38049061,44090749.71428572
2017-12-24,20630629,42408704.571428575
2017-12-25,28871785,40189523.571428575
2017-12-26,36418176,38819358.14285714
2017-12-27,41438627,37870302.428571425
2017-12-28,39774925,36457404.71428572
2017-12-29,40788696,35138842.71428572
2017-12-30,36299178,34888859.428571425
2017-12-31,17748711,34477156.85714286
2018-01-01,30735963,34743468.0
2018-01-02,48763425,36507075.0
2018-01-03,44654026,36966417.71428572
2018-01-04,46026436,37859490.71428572
2018-01-05,48748766,38996643.571428575
2018-01-06,42246459,39846255.14285714
2018-01-07,36510668,42526534.71428572
2018-01-08,48163584,45016194.85714286
2018-01-09,48417721,44966808.571428575
2018-01-10,49378502,45641733.71428572
2018-01-11,51123472,46369881.71428572
2018-01-12,53960070,47114353.71428572
2018-01-13,40243666,46828240.428571425
2018-01-14,34838404,46589345.571428575
2018-01-15,50507772,46924229.571428575
2018-01-16,49958727,47144373.28571428
2018-01-17,49541105,47167602.28571428
2018-01-18,50429270,47068430.571428575
2018-01-19,55711020,47318566.28571428
2018-01-20,39567881,47222025.571428575
2018-01-21,34710351,47203732.28571428
2018-01-22,49730523,47092696.71428572
2018-01-23,50872177,47223189.571428575
2018-01-24,52169878,47598728.571428575
2018-01-25,53800032,48080266.0
2018-01-26,56717722,48224080.571428575
2018-01-27,42826237,48689560.0
2018-01-28,36184915,48900212.0
2018-01-29,51421460,49141774.428571425
2018-01-30,51713242,49261926.571428575
2018-01-31,52657654,49331608.85714286
2018-02-01,53616528,49305394.0
2018-02-02,56327881,49249702.428571425
2018-02-03,42241095,49166110.71428572
2018-02-04,35377329,49050741.28571428
2018-02-05,50985381,48988444.28571428
2018-02-06,51169575,48910777.571428575
2018-02-07,52482981,48885824.28571428
2018-02-08,53068462,48807529.14285714
2018-02-09,57434742,48965652.14285714
2018-02-10,43354777,49124749.571428575
2018-02-11,32892912,48769832.85714286
2018-02-12,46035483,48062704.571428575
2018-02-13,49702620,47853139.571428575
2018-02-14,52546877,47862267.571428575
2018-02-15,51760404,47675402.14285714
2018-02-16,57155638,47635530.14285714
2018-02-17,43819255,47701884.14285714
2018-02-18,38914696,48562139.0
2018-02-19,51403536,49329003.71428572
2018-02-20,51476428,49582404.85714286
2018-02-21,52578560,49586931.0
2018-02-22,54017243,49909336.571428575
2018-02-23,58696114,50129404.571428575
2018-02-24,45449739,50362330.85714286
2018-02-25,38169232,50255836.0
2018-02-26,50765951,50164752.428571425
2018-02-27,50573413,50035750.28571428
2018-02-28,52323339,49999290.14285714
2018-03-01,53460670,49919779.71428572
2018-03-02,56222427,49566395.85714286
2018-03-03,44264636,49397095.428571425
2018-03-04,38896033,49500924.14285714
2018-03-05,51528142,49609808.571428575
2018-03-06,51612615,49758266.0
2018-03-07,52550156,49790668.428571425
2018-03-08,54645642,49959950.14285714
2018-03-09,57852472,50192813.71428572
2018-03-10,44897980,50283291.428571425
2018-03-11,40474477,50508783.428571425
2018-03-12,52680197,50673362.71428572
2018-03-13,52401890,50786116.28571428
2018-03-14,54316087,51038392.14285714
2018-03-15,56169938,51256148.71428572
2018-03-16,58085407,51289425.14285714
2018-03-17,43371840,51071405.14285714
2018-03-18,37609892,50662178.71428572
2018-03-19,53320531,50753655.0
2018-03-20,52920079,50827682.0
2018-03-21,54914175,50913123.14285714
2018-03-22,56105811,50903962.14285714
2018-03-23,60869459,51301683.85714286
2018-03-24,49700381,52205761.14285714
2018-03-25,41390323,52745822.71428572
2018-03-26,53863488,52823388.0
2018-03-27,53809884,52950503.0
2018-03-28,57013263,53250372.71428572
2018-03-29,63279562,54275194.28571428
2018-03-30,46053363,52158609.14285714
2018-03-31,43435536,51263631.28571428
2018-04-01,37557203,50716042.71428572
2018-04-02,48818708,49995359.85714286
2018-04-03,57128053,50469384.0
2018-04-04,55058455,50190125.71428572
2018-04-05,56217186,49181214.85714286
2018-04-06,59589985,51115018.0
2018-04-07,48071862,51777350.28571428
2018-04-08,44933836,52831155.0
2018-04-09,54952465,53707406.0
2018-04-10,54349023,53310401.71428572
2018-04-11,55714057,53404059.14285714
2018-04-12,57931609,53648976.71428572
2018-04-13,60111059,53723415.85714286
2018-04-14,44981670,53281959.85714286
2018-04-15,43066721,53015229.14285714
2018-04-16,55091795,53035133.428571425
2018-04-17,54816139,53101864.28571428
2018-04-18,55695791,53099254.85714286
2018-04-19,57706800,53067139.28571428
2018-04-20,60756408,53159332.0
2018-04-21,44429016,53080381.428571425
2018-04-22,43573572,53152788.71428572
2018-04-23,55368484,53192315.71428572
2018-04-24,55195226,53246471.0
2018-04-25,56728938,53394063.428571425
2018-04-26,59294958,53620943.14285714
2018-04-27,65506706,54299557.14285714
2018-04-28,50290822,55136958.0
2018-04-29,41621328,54858066.0
2018-04-30,49305260,53991891.14285714
2018-05-01,38653494,51628786.571428575
2018-05-02,57297526,51710013.428571425
2018-05-03,56507071,51311743.85714286
2018-05-04,60999710,50667887.28571428
2018-05-05,46573182,50136795.85714286
2018-05-06,44810320,50592366.14285714
2018-05-07,54937207,51396930.0
2018-05-08,55357946,53783280.28571428
2018-05-09,64106897,54756047.571428575
2018-05-10,39367822,52307583.428571425
2018-05-11,51268899,50917467.571428575
2018-05-12,45852967,50814579.71428572
2018-05-13,51658732,51792924.28571428
2018-05-14,56365308,51996938.71428572
2018-05-15,55188119,51972677.71428572
2018-05-16,55986067,50812559.14285714
2018-05-17,59236923,53651002.14285714
2018-05-18,65776956,55723581.71428572
2018-05-19,49035220,56178189.28571428
2018-05-20,39244286,54404697.0
2018-05-21,44900910,52766925.85714286
2018-05-22,57506034,53098056.571428575
2018-05-23,55389397,53012818.0
2018-05-24,56948142,52685849.28571428
2018-05-25,60475099,51928441.14285714
2018-05-26,46799367,51609033.571428575
2018-05-27,43407920,52203838.428571425
2018-05-28,54230332,53536613.0
2018-05-29,53859547,53015686.28571428
2018-05-30,60657216,53768231.85714286
2018-05-31,43396557,51832291.14285714
2018-06-01,53661613,50858936.0
2018-06-02,45664649,50696833.428571425
2018-06-03,49731149,51600151.85714286
2018-06-04,55827086,51828259.571428575
2018-06-05,54255409,51884811.28571428
2018-06-06,55134620,51095869.0
2018-06-07,57008977,53040500.428571425
2018-06-08,60961315,54083315.0
2018-06-09,45394438,54044713.428571425
2018-06-10,44709159,53327286.28571428
2018-06-11,54808536,53181779.14285714
2018-06-12,54552057,53224157.428571425
2018-06-13,56174932,53372773.428571425
2018-06-14,58329503,53561420.0
2018-06-15,61760198,53675546.14285714
2018-06-16,47299787,53947738.85714286
2018-06-17,45579177,54072027.14285714
2018-06-18,55826192,54217406.571428575
2018-06-19,54815897,54255098.0
2018-06-20,55788045,54199828.428571425
2018-06-21,58094750,54166292.28571428
2018-06-22,61946930,54192968.28571428
2018-06-23,46477656,54075521.0
2018-06-24,46665226,54230670.85714286
2018-06-25,55595661,54197737.85714286
2018-06-26,54509429,54153956.71428572
2018-06-27,53584419,53839153.0
2018-06-28,58476588,53893701.28571428
2018-06-29,62732256,54005890.71428572
2018-06-30,49634361,54456848.571428575
2018-07-01,49149721,54811776.428571425
2018-07-02,55501158,54798276.0
2018-07-03,53666106,54677801.28571428
2018-07-04,55276592,54919540.28571428
2018-07-05,57582145,54791762.71428572
2018-07-06,61292885,54586138.28571428
2018-07-07,48318242,54398121.28571428
2018-07-08,48670883,54329715.85714286
2018-07-09,55488900,54327964.71428572
2018-07-10,54142941,54396084.0
2018-07-11,55437358,54419050.571428575
2018-07-12,58327543,54525536.0
2018-07-13,62938746,54760659.0
2018-07-14,52250634,55322429.28571428
2018-07-15,48966342,55364637.71428572
2018-07-16,56022105,55440809.85714286
2018-07-17,54274161,55459555.571428575
2018-07-18,55949722,55532750.428571425
2018-07-19,58495387,55556728.14285714
2018-07-20,62341295,55471378.0
2018-07-21,51788237,55405321.28571428
2018-07-22,49902649,55539079.428571425
2018-07-23,56207863,55565616.28571428
2018-07-24,53937018,55517453.0
2018-07-25,55336129,55429796.85714286
2018-07-26,57878576,55341681.0
2018-07-27,61889097,55277081.28571428
2018-07-28,51459083,55230059.28571428
2018-07-29,50976360,55383446.571428575
2018-07-30,56614802,55441580.71428572
2018-07-31,54823511,55568222.571428575
2018-08-01,56156223,55685378.85714286
2018-08-02,58161272,55725764.0
2018-08-03,62236204,55775350.71428572
2018-08-04,52202793,55881595.0
2018-08-05,51640929,55976533.428571425
2018-08-06,55832063,55864713.571428575
2018-08-07,53568187,55685381.571428575
2018-08-08,55150527,55541710.71428572
2018-08-09,57076423,55386732.28571428
2018-08-10,62868129,55477007.28571428
2018-08-11,51268368,55343518.0
2018-08-12,50495570,55179895.28571428
2018-08-13,55071425,55071232.71428572
2018-08-14,54714578,55235002.85714286
2018-08-15,53941336,55062261.28571428
2018-08-16,56827365,55026681.571428575
2018-08-17,61153211,54781693.28571428
2018-08-18,50676126,54697087.28571428
2018-08-19,50771389,54736490.0
2018-08-20,55521974,54800854.14285714
2018-08-21,54158375,54721396.571428575
2018-08-22,55475378,54940545.428571425
2018-08-23,58064376,55117261.28571428
2018-08-24,62049243,55245265.85714286
2018-08-25,50333208,55196277.571428575
2018-08-26,49998450,55085857.71428572
2018-08-27,55374311,55064763.0
2018-08-28,54596007,55127281.85714286
2018-08-29,55543503,55137014.0
2018-08-30,58174406,55152732.571428575
2018-08-31,62433238,55207589.0
2018-09-01,51328385,55349757.14285714
2018-09-02,49603520,55293338.571428575
2018-09-03,55147217,55260896.571428575
2018-09-04,53885061,55159332.85714286
2018-09-05,55444002,55145118.428571425
2018-09-06,57506709,55049733.14285714
2018-09-07,61830916,54963687.14285714
2018-09-08,49414373,54690256.85714286
2018-09-09,49411730,54662858.28571428
2018-09-10,55261599,54679198.571428575
2018-09-11,54025381,54699244.28571428
2018-09-12,55563346,54716293.428571425
2018-09-13,57737798,54749306.14285714
2018-09-14,62156947,54795882.0
2018-09-15,49460700,54802500.14285714
2018-09-16,49302296,54786866.71428572
2018-09-17,55309222,54793670.0
2018-09-18,54445525,54853690.571428575
2018-09-19,55750120,54880372.571428575
2018-09-20,57684266,54872725.14285714
2018-09-21,61155278,54729629.571428575
2018-09-22,47737106,54483401.85714286
2018-09-23,44374357,53779410.571428575
2018-09-24,55505332,53807426.28571428
2018-09-25,55292329,53928398.28571428
2018-09-26,56831453,54082874.428571425
2018-09-27,58877043,54253271.14285714
2018-09-28,63387027,54572092.428571425
2018-09-29,50890402,55022563.28571428
2018-09-30,48522994,55615225.71428572
2018-10-01,53628852,55347157.14285714
2018-10-02,56080564,55459762.14285714
2018-10-03,38862579,52892780.14285714
2018-10-04,55942573,52473570.14285714
2018-10-05,59035445,51851915.571428575
2018-10-06,48865541,51562649.71428572
2018-10-07,48153095,51509807.0
2018-10-08,55395646,51762206.14285714
2018-10-09,54160759,51487948.28571428
2018-10-10,55600845,53879129.14285714
2018-10-11,57655708,54123862.71428572
2018-10-12,61632992,54494940.85714286
2018-10-13,49527350,54589485.0
2018-10-14,48376258,54621365.428571425
2018-10-15,55435550,54627066.0
2018-10-16,54577686,54686627.0
2018-10-17,55568799,54682049.0
2018-10-18,57709021,54689665.14285714
2018-10-19,61163472,54622590.85714286
2018-10-20,46490082,54188695.428571425
2018-10-21,45212579,53736741.28571428
2018-10-22,54814820,53648065.571428575
2018-10-23,54073853,53576089.428571425
2018-10-24,54659974,53446257.28571428
2018-10-25,57722413,53448170.428571425
2018-10-26,61693717,53523919.71428572
2018-10-27,46604455,53540258.71428572
2018-10-28,41769922,53048450.571428575
2018-10-29,54115191,52948503.571428575
2018-10-30,54346289,52987423.0
2018-10-31,56267971,53217136.85714286
2018-11-01,45289184,51440961.28571428
2018-11-02,53162644,50222236.571428575
2018-11-03,43898532,49835676.14285714
2018-11-04,46459161,50505567.428571425
2018-11-05,53991977,50487965.428571425
2018-11-06,53232284,50328821.85714286
2018-11-07,54035980,50009966.0
2018-11-08,55696278,51496693.71428572
2018-11-09,58505189,52259914.428571425
2018-11-10,41174887,51870822.28571428
2018-11-11,38080709,50673900.571428575
2018-11-12,53537476,50608971.85714286
2018-11-13,52779841,50544337.14285714
2018-11-14,54203804,50568312.0
2018-11-15,56313942,50656549.71428572
2018-11-16,58836403,50703866.0
2018-11-17,41483988,50748023.28571428
2018-11-18,38403137,50794084.428571425
2018-11-19,52667051,50669738.0
2018-11-20,52400021,50615478.0
2018-11-21,52961995,50438076.71428572
2018-11-22,55225121,50282530.85714286
2018-11-23,58169586,50187271.28571428
2018-11-24,40542823,50052819.14285714
2018-11-25,37497131,49923389.71428572
2018-11-26,52847191,49949124.0
2018-11-27,52804325,50006881.71428572
2018-11-28,54082791,50166995.428571425
2018-11-29,56158986,50300404.71428572
2018-11-30,58966069,50414188.0
2018-12-01,42286143,50663233.71428572
2018-12-02,38739078,50840654.71428572
2018-12-03,52964688,50857440.0
2018-12-04,53155161,50907559.428571425
2018-12-05,54153341,50917638.0
2018-12-06,55295699,50794311.28571428
2018-12-07,58176621,50681533.0
2018-12-08,42137157,50660249.28571428
2018-12-09,38294369,50596719.428571425
2018-12-10,54243580,50779418.28571428
2018-12-11,53357228,50808285.0
2018-12-12,54227827,50818925.85714286
2018-12-13,55722298,50879868.571428575
2018-12-14,58830821,50973325.71428572
2018-12-15,43953641,51232823.428571425
2018-12-16,34981992,50759626.71428572
2018-12-17,52197970,50467396.71428572
2018-12-18,52943170,50408245.571428575
2018-12-19,54732966,50480408.28571428
2018-12-20,56238768,50554189.71428572
2018-12-21,56738462,50255281.28571428
2018-12-22,47592268,50775085.14285714
2018-12-23,34147648,50655893.14285714
2018-12-24,25555899,46849883.0
2018-12-25,32662404,43952630.71428572
2018-12-26,40841278,41968103.85714286
2018-12-27,46557405,40585052.0
2018-12-28,46750780,39158240.28571428
2018-12-29,43092672,38515440.85714286
2018-12-30,32815192,38325090.0
2018-12-31,22711603,37918762.0
2019-01-01,29388763,37451099.0
2019-01-02,46646460,38280410.71428572
2019-01-03,44790560,38028004.28571428
2019-01-04,46562284,38001076.28571428
2019-01-05,40630427,37649327.0
2019-01-06,35965202,38099328.428571425
2019-01-07,46323998,41472527.71428572
2019-01-08,46214210,43876163.0
2019-01-09,46061522,43792600.428571425
2019-01-10,47918212,44239407.85714286
2019-01-11,49650315,44680555.14285714
2019-01-12,37480863,44230617.428571425
2019-01-13,31115033,43537736.14285714
2019-01-14,48469646,43844257.28571428
2019-01-15,49422695,44302612.28571428
2019-01-16,50920773,44996791.0
2019-01-17,51923997,45569046.0
2019-01-18,54572630,46272233.85714286
2019-01-19,40616103,46720125.28571428
2019-01-20,35232957,47308400.14285714
2019-01-21,49776957,47495158.85714286
2019-01-22,49629076,47524641.85714286
2019-01-23,50310482,47437457.428571425
2019-01-24,51791713,47418559.71428572
2019-01-25,54076759,47347721.0
2019-01-26,38599852,47059685.14285714
2019-01-27,34366655,46935927.71428572
2019-01-28,49035954,46830070.14285714
2019-01-29,49994753,46882309.71428572
2019-01-30,50117651,46854762.428571425
2019-01-31,51411079,46800386.14285714
2019-02-01,54756307,46897464.428571425
2019-02-02,40901440,47226262.71428572
2019-02-03,34899940,47302446.28571428
2019-02-04,50031367,47444648.14285714
2019-02-05,50434706,47507498.571428575
2019-02-06,51660239,47727868.28571428
2019-02-07,52681642,47909377.28571428
2019-02-08,56212397,48117390.14285714
2019-02-09,43338942,48465604.71428572
2019-02-10,35836558,48599407.28571428
2019-02-11,50510924,48667915.428571425
2019-02-12,50924642,48737906.28571428
2019-02-13,52228523,48819089.71428572
2019-02-14,54019717,49010243.28571428
2019-02-15,58062875,49274597.28571428
2019-02-16,46021649,49657841.14285714
2019-02-17,40274813,50291877.571428575
2019-02-18,51699388,50461658.14285714
2019-02-19,51507721,50544955.14285714
2019-02-20,52610820,50599569.0
2019-02-21,54680660,50693989.428571425
2019-02-22,58745560,50791515.85714286
2019-02-23,46260093,50825579.28571428
2019-02-24,40399591,50843404.71428572
2019-02-25,51713560,50845429.28571428
2019-02-26,51703896,50873454.28571428
2019-02-27,53656331,51022813.0
2019-02-28,54529252,51001183.28571428
2019-03-01,58493408,50965161.571428575
2019-03-02,45718207,50887749.28571428
2019-03-03,36572771,50341060.71428572
2019-03-04,47319947,49713401.71428572
2019-03-05,50715033,49572135.571428575
2019-03-06,53113527,49494592.14285714
2019-03-07,54747975,49525838.28571428
2019-03-08,58223889,49487335.571428575
2019-03-09,46663556,49622385.428571425
2019-03-10,40276840,50151538.14285714
2019-03-11,52287073,50861127.571428575
2019-03-12,52570794,51126236.28571428
2019-03-13,53485002,51179304.14285714
2019-03-14,54968759,51210844.71428572
2019-03-15,57930324,51168906.85714286
2019-03-16,44451286,50852868.28571428
2019-03-17,40429322,50874651.428571425
2019-03-18,52680662,50930878.428571425
2019-03-19,52910321,50979382.28571428
2019-03-20,54195185,51080837.0
2019-03-21,55952151,51221321.571428575
2019-03-22,58580461,51314198.28571428
2019-03-23,44458103,51315172.14285714
2019-03-24,41445208,51460298.71428572
2019-03-25,52654649,51456582.571428575
2019-03-26,52753809,51434223.71428572
2019-03-27,54313614,51451142.14285714
2019-03-28,56396998,51514691.71428572
2019-03-29,59342504,51623555.0
2019-03-30,44859808,51680941.428571425
2019-03-31,42692253,51859090.71428572
2019-04-01,53569423,51989772.71428572
2019-04-02,53045107,52031386.71428572
2019-04-03,54383455,52041364.0
2019-04-04,56310464,52029002.0
2019-04-05,59633525,52070576.428571425
2019-04-06,44877302,52073075.571428575
2019-04-07,43236878,52150879.14285714
2019-04-08,54416394,52271875.0
2019-04-09,53940303,52399760.14285714
2019-04-10,55489110,52557710.85714286
2019-04-11,57626239,52745678.71428572
2019-04-12,61790682,53053844.0
2019-04-13,48579455,53582723.0
2019-04-14,42557394,53485653.85714286
2019-04-15,54554756,53505419.85714286
2019-04-16,54583090,53597246.571428575
2019-04-17,57815647,53929609.0
2019-04-18,64766297,54949617.28571428
2019-04-19,49738953,53227941.71428572
2019-04-20,42112435,52304081.71428572
2019-04-21,40487047,52008317.85714286
2019-04-22,51171233,51524957.428571425
2019-04-23,57843456,51990724.0
2019-04-24,54944710,51580590.14285714
2019-04-25,56623456,50417327.14285714
2019-04-26,59830268,51858943.571428575
2019-04-27,47796838,52671001.14285714
2019-04-28,43059468,53038489.85714286
2019-04-29,52532939,53233019.28571428
2019-04-30,56527318,53044999.571428575
2019-05-01,34985097,50193626.28571428
2019-05-02,53275645,49715367.571428575
2019-05-03,56843879,49288740.571428575
2019-05-04,43986512,48744408.28571428
2019-05-05,44301477,48921838.14285714
2019-05-06,54447381,49195329.85714286
2019-05-07,53607741,48778247.428571425
2019-05-08,54265448,51532583.28571428
2019-05-09,56035602,51926862.85714286
2019-05-10,59789830,52347713.0
2019-05-11,43550555,52285433.428571425
2019-05-12,44837800,52362051.0
2019-05-13,54500862,52369691.14285714
2019-05-14,53764846,52392134.71428572
2019-05-15,54999444,52496991.28571428
2019-05-16,57414540,52693982.428571425
2019-05-17,60517018,52797866.428571425
2019-05-18,44890439,52989278.428571425
2019-05-19,44293338,52911498.14285714
2019-05-20,54030764,52844341.28571428
2019-05-21,52528961,52667786.28571428
2019-05-22,54963393,52662636.14285714
2019-05-23,57142298,52623744.428571425
2019-05-24,60240534,52584246.71428572
2019-05-25,45049707,52606999.28571428
2019-05-26,43397548,52479029.28571428
2019-05-27,53802658,52446442.71428572
2019-05-28,54506118,52728893.71428572
2019-05-29,63653020,53970269.0
2019-05-30,42427944,51868218.428571425
2019-05-31,50398937,50462276.0
2019-06-01,45401164,50512484.14285714
2019-06-02,52345987,51790832.571428575
2019-06-03,55041819,51967855.571428575
2019-06-04,53976551,51892203.14285714
2019-06-05,55184022,50682346.28571428
2019-06-06,58650982,52999923.14285714
2019-06-07,64270231,54981536.571428575
2019-06-08,49662705,55590328.14285714
2019-06-09,41245374,54004526.28571428
2019-06-10,44433752,52489088.14285714
2019-06-11,57329435,52968071.571428575
2019-06-12,54809906,52914626.428571425
2019-06-13,57015785,52681026.85714286
2019-06-14,59970560,52066788.14285714
2019-06-15,47398654,51743352.28571428
2019-06-16,44866207,52260614.14285714
2019-06-17,54159481,53650004.0
2019-06-18,53928132,53164103.571428575
2019-06-19,59736420,53867891.28571428
2019-06-20,43687056,51963787.14285714
2019-06-21,54820056,51228000.85714286
2019-06-22,47290779,51212590.14285714
2019-06-23,51235228,52122450.28571428
2019-06-24,56072734,52395772.14285714
2019-06-25,54099845,52420302.571428575
2019-06-26,54923133,51732690.14285714
2019-06-27,57823232,53752143.85714286
2019-06-28,62241930,54812411.571428575
2019-06-29,48681545,55011092.428571425
2019-06-30,46994447,54405266.571428575
2019-07-01,56118078,54411744.28571428
2019-07-02,54322183,54443506.85714286
2019-07-03,55774857,54565181.71428572
2019-07-04,58164759,54613971.28571428
2019-07-05,62121619,54596784.0
2019-07-06,48858164,54622015.28571428
2019-07-07,48265436,54803585.14285714
2019-07-08,55694048,54743009.428571425
2019-07-09,54318153,54742433.71428572
2019-07-10,55533685,54707980.571428575
2019-07-11,57645703,54633829.71428572
2019-07-12,61786977,54586023.71428572
2019-07-13,50603251,54835321.85714286
2019-07-14,49241004,54974688.71428572
2019-07-15,55859062,54998262.14285714
2019-07-16,54494367,55023435.571428575
2019-07-17,55743314,55053382.571428575
2019-07-18,58230918,55136984.71428572
2019-07-19,62362297,55219173.28571428
2019-07-20,51765163,55385160.71428572
2019-07-21,50103497,55508374.0
2019-07-22,55464777,55452047.571428575
2019-07-23,53491137,55308729.0
2019-07-24,54198876,55088095.0
2019-07-25,56316147,54814556.28571428
2019-07-26,60812351,54593135.428571425
2019-07-27,50669733,54436645.428571425
2019-07-28,48884386,54262486.71428572
2019-07-29,55390300,54251847.14285714
2019-07-30,54167952,54348535.0
2019-07-31,56193850,54633531.28571428
2019-08-01,58734135,54978958.14285714
2019-08-02,61657013,55099624.14285714
2019-08-03,52556107,55369106.14285714
2019-08-04,52258538,55851127.85714286
2019-08-05,55404611,55853172.28571428
2019-08-06,53704409,55786951.85714286
2019-08-07,54288806,55514802.71428572
2019-08-08,57804585,55382009.85714286
2019-08-09,61098660,55302245.14285714
2019-08-10,51437173,55142397.428571425
2019-08-11,50464231,54886067.85714286
2019-08-12,54684981,54783263.571428575
2019-08-13,53838079,54802359.28571428
2019-08-14,56450695,55111200.571428575
2019-08-15,55177938,54735965.28571428
2019-08-16,59339719,54484688.0
2019-08-17,49868275,54260559.71428572
2019-08-18,49666837,54146646.28571428
2019-08-19,54873675,54173602.571428575
2019-08-20,53404299,54111634.0
2019-08-21,55107249,53919713.14285714
2019-08-22,57624828,54269268.85714286
2019-08-23,61187948,54533301.571428575
2019-08-24,50393534,54608338.571428575
2019-08-25,49969817,54651621.428571425
2019-08-26,54788646,54639474.428571425
2019-08-27,53194390,54609487.428571425
2019-08-28,54710446,54552801.28571428
2019-08-29,57158385,54486166.571428575
2019-08-30,61574746,54541423.428571425
2019-08-31,50404019,54542921.28571428
2019-09-01,50393709,54603477.28571428
2019-09-02,54924342,54622862.428571425
2019-09-03,53762238,54703983.571428575
2019-09-04,54844621,54723151.428571425
2019-09-05,57035575,54705607.14285714
2019-09-06,61109538,54639148.85714286
2019-09-07,48398242,54352609.28571428
2019-09-08,46802203,53839537.0
2019-09-09,54482886,53776471.85714286
2019-09-10,53489870,53737562.14285714
2019-09-11,54753040,53724479.14285714
2019-09-12,57095658,53733062.428571425
2019-09-13,60808475,53690053.428571425
2019-09-14,49388892,53831574.85714286
2019-09-15,50629027,54378264.0
2019-09-16,54640142,54400729.14285714
2019-09-17,54126495,54491675.571428575
2019-09-18,55712256,54628706.428571425
2019-09-19,58002557,54758263.428571425
2019-09-20,61196128,54813642.428571425
2019-09-21,48709159,54716537.71428572
2019-09-22,48515015,54414536.0
2019-09-23,54301405,54366145.0
2019-09-24,53712504,54307003.428571425
2019-09-25,54637255,54153431.85714286
2019-09-26,56710144,53968801.428571425
2019-09-27,61010922,53942343.428571425
2019-09-28,48034822,53846009.571428575
2019-09-29,45324333,53390197.85714286
2019-09-30,53755287,53312181.0
2019-10-01,53142754,53230788.14285714
2019-10-02,60393962,54053174.85714286
2019-10-03,43627042,52184160.28571428
2019-10-04,51906676,50883553.71428572
2019-10-05,46480404,50661494.0
2019-10-06,49254156,51222897.28571428
2019-10-07,54912353,51388192.428571425
2019-10-08,52458509,51290443.14285714
2019-10-09,53818343,50351069.0
2019-10-10,56127998,52136919.85714286
2019-10-11,60443381,53356449.14285714
2019-10-12,48885172,53699987.428571425
2019-10-13,47190914,53405238.571428575
2019-10-14,54399649,53331995.14285714
2019-10-15,53585413,53492981.428571425
2019-10-16,54636840,53609909.571428575
2019-10-17,56551505,53670410.571428575
2019-10-18,59799705,53578456.85714286
2019-10-19,46245813,53201405.571428575
2019-10-20,43911800,52732960.71428572
2019-10-21,53787038,52645444.85714286
2019-10-22,53270632,52600476.14285714
2019-10-23,54950644,52645305.28571428
2019-10-24,56637705,52657619.571428575
2019-10-25,60595893,52771360.71428572
2019-10-26,47556461,52958596.14285714
2019-10-27,43149912,52849755.0
2019-10-28,53698712,52837137.0
2019-10-29,53821373,52915814.28571428
2019-10-30,57675641,53305099.571428575
2019-10-31,57535820,53433401.71428572
2019-11-01,45764144,51314580.428571425
2019-11-02,41750188,50485112.85714286
2019-11-03,45736115,50854570.428571425
2019-11-04,53594729,50839715.71428572
2019-11-05,52916747,50710483.428571425
2019-11-06,53679505,50139606.85714286
2019-11-07,55389589,49833002.428571425
2019-11-08,57690060,51536704.71428572
2019-11-09,42094967,51585958.85714286
2019-11-10,39331190,50670969.571428575
2019-11-11,52735572,50548232.85714286
2019-11-12,52117444,50434046.71428572
2019-11-13,53443311,50400304.71428572
2019-11-14,55758227,50452967.28571428
2019-11-15,58077579,50508327.14285714
2019-11-16,42006981,50495757.71428572
2019-11-17,37840717,50282833.0
2019-11-18,52029318,50181939.571428575
2019-11-19,52353172,50215615.0
2019-11-20,52949538,50145076.0
2019-11-21,55013640,50038706.428571425
2019-11-22,57439084,49947492.85714286
2019-11-23,41508190,49876237.0
2019-11-24,38431035,49960568.14285714
2019-11-25,52683424,50054011.85714286
2019-11-26,52300260,50046453.0
2019-11-27,53707738,50154767.28571428
2019-11-28,55708949,50254097.14285714
2019-11-29,59387464,50532437.14285714
2019-11-30,44059269,50896877.0
2019-12-01,40553829,51200133.28571428
2019-12-02,53074522,51256004.428571425
2019-12-03,52515468,51286748.428571425
2019-12-04,53635908,51276487.0
2019-12-05,55398823,51232183.28571428
2019-12-06,57357324,50942163.28571428
2019-12-07,42446007,50711697.28571428
2019-12-08,39192437,50517212.71428572
2019-12-09,52836923,50483270.0
2019-12-10,53379363,50606683.571428575
2019-12-11,53554891,50595109.71428572
2019-12-12,55777669,50649230.571428575
2019-12-13,56607636,50542132.28571428
2019-12-14,43195905,50649260.571428575
2019-12-15,38000771,50479022.571428575
2019-12-16,52409744,50417997.0
2019-12-17,52988670,50362183.71428572
2019-12-18,54453797,50490598.85714286
2019-12-19,56088293,50534973.71428572
2019-12-20,58314208,50778769.71428572
2019-12-21,49293733,51649888.0
2019-12-22,38308363,51693829.71428572
2019-12-23,41792223,50177041.0
2019-12-24,27987171,46605398.28571428
2019-12-25,32547116,43475872.428571425
2019-12-26,40095565,41191197.0
2019-12-27,47249244,39610487.85714286
2019-12-28,44667925,38949658.14285714
2019-12-29,36236268,38653644.571428575
2019-12-30,41439749,38603291.14285714
2019-12-31,24021893,38036822.85714286
2020-01-01,27962418,37381866.0
2020-01-02,45831936,38201347.571428575
2020-01-03,46586774,38106709.0
2020-01-04,44285418,38052065.14285714
2020-01-05,38046350,38310648.28571428
2020-01-06,45204906,38848527.85714286
2020-01-07,47306531,42174904.71428572
2020-01-08,48050019,45044562.0
2020-01-09,49916097,45628013.571428575
2020-01-10,52976821,46540877.428571425
2020-01-11,40834639,46047909.0
2020-01-12,34514953,45543423.71428572
2020-01-13,51113016,46387439.428571425
2020-01-14,51437600,46977592.14285714
2020-01-15,52798587,47655959.0
2020-01-16,54363726,48291334.571428575
2020-01-17,56658856,48817339.571428575
2020-01-18,41883119,48967122.428571425
2020-01-19,36137406,49198901.428571425
2020-01-20,52142952,49346035.14285714
2020-01-21,51973797,49422634.71428572
2020-01-22,52888988,49435549.14285714
2020-01-23,54664510,49478518.28571428
2020-01-24,57107245,49542573.85714286
2020-01-25,43073898,49712685.14285714
2020-01-26,37199373,49864394.71428572
2020-01-27,51909693,49831072.0
2020-01-28,51474971,49759811.14285714
2020-01-29,53191846,49803076.571428575
2020-01-30,55083829,49862979.28571428
2020-01-31,59016070,50135668.571428575
2020-02-01,44270941,50306674.71428572
2020-02-02,37119531,50295268.71428572
2020-02-03,52205198,50337483.71428572
2020-02-04,52584485,50495985.71428572
2020-02-05,53722165,50571745.571428575
2020-02-06,55324889,50606182.71428572
2020-02-07,58438373,50523654.571428575
2020-02-08,45930830,50760781.571428575
2020-02-09,35912552,50588356.0
2020-02-10,47349400,49894670.571428575
2020-02-11,52664974,49906169.0
2020-02-12,54038046,49951294.85714286
2020-02-13,55528776,49980421.571428575
2020-02-14,60495067,50274235.0
2020-02-15,47398575,50483912.85714286
2020-02-16,39261991,50962404.14285714
2020-02-17,53441554,51832711.85714286
2020-02-18,53490289,51950614.0
2020-02-19,54581805,52028293.85714286
2020-02-20,55534511,52029113.14285714
2020-02-21,60600728,52044207.571428575
2020-02-22,47132027,52006129.28571428
2020-02-23,35968129,51535577.571428575
2020-02-24,48956921,50894915.71428572
2020-02-25,51893465,50666798.0
2020-02-26,53159678,50463637.0
2020-02-27,53685324,50199467.428571425
2020-02-28,59056473,49978859.571428575
2020-02-29,47103670,49974808.571428575
2020-03-01,40376711,50604606.0
2020-03-02,52440362,51102240.428571425
2020-03-03,52123983,51135171.571428575
2020-03-04,53331184,51159672.428571425
2020-03-05,54466402,51271255.0
2020-03-06,57164026,51000905.428571425
2020-03-07,43472805,50482210.428571425
2020-03-08,38954231,50278999.0
2020-03-09,51956453,50209869.14285714
2020-03-10,50925911,50038716.0
2020-03-11,51931720,49838792.571428575
2020-03-12,53158720,49651980.85714286
2020-03-13,53726860,49160957.14285714
2020-03-14,34718646,47910363.0
2020-03-15,29464885,46554742.14285714
2020-03-16,44769947,45528098.428571425
2020-03-17,41138274,44129864.571428575
2020-03-18,38871154,42264069.428571425
2020-03-19,37545875,40033663.0
2020-03-20,36690447,37599889.71428572
2020-03-21,17234529,35102158.71428572
2020-03-22,11998110,32606905.14285714
2020-03-23,30699214,30596800.42857143
2020-03-24,30277727,29045293.714285713
2020-03-25,30443158,27841294.285714287
2020-03-26,30845242,26884061.0
2020-03-27,30029622,25932514.57142857
2020-03-28,15660727,25707685.714285713
2020-03-29,10269658,25460764.0
2020-03-30,30788622,25473536.57142857
2020-03-31,31161262,25599755.85714286
2020-04-01,31457635,25744681.14285714
2020-04-02,31592915,25851491.57142857
2020-04-03,30727075,25951127.714285713
2020-04-04,16161837,26022714.85714286
2020-04-05,12241500,26304406.57142857
2020-04-06,31602303,26420646.714285713
2020-04-07,31891862,26525018.14285714
2020-04-08,32887696,26729312.57142857
2020-04-09,34215466,27103962.714285713
2020-04-10,13752224,24678984.0
2020-04-11,15607104,24599736.42857143
2020-04-12,10894353,24407286.85714286
2020-04-13,13656104,21843544.14285714
2020-04-14,32452830,21923682.42857143
2020-04-15,32711472,21898507.57142857
2020-04-16,33422188,21785182.14285714
2020-04-17,33164482,24558361.85714286
2020-04-18,18668947,24995768.0
2020-04-19,15374422,25635777.85714286
2020-04-20,35038940,28690468.714285713
2020-04-21,35195450,29082271.57142857
2020-04-22,35815045,29525639.14285714
2020-04-23,37057252,30044934.0
2020-04-24,36193546,30477657.42857143
2020-04-25,21490063,30880674.0
2020-04-26,17656505,31206685.85714286
2020-04-27,37006696,31487793.85714286
2020-04-28,36918419,31733932.285714287
2020-04-29,38234586,32079581.0
2020-04-30,41442936,32706107.285714287
2020-05-01,18359242,30158349.57142857
2020-05-02,21155580,30110566.285714287
2020-05-03,20814267,30561675.14285714
2020-05-04,38761422,30812350.285714287
2020-05-05,39127456,31127927.0
2020-05-06,40022184,31383298.14285714
2020-05-07,41607021,31406738.85714286
2020-05-08,41977091,34780717.28571428
2020-05-09,27625079,35704931.428571425
2020-05-10,25785813,36415152.28571428
2020-05-11,40236021,36625809.28571428
2020-05-12,41378689,36947414.0
2020-05-13,42120911,37247232.14285714
2020-05-14,43564178,37526826.0
2020-05-15,44766083,37925253.428571425
2020-05-16,29880940,38247519.28571428
2020-05-17,26940479,38412471.571428575
2020-05-18,43660054,38901619.14285714
2020-05-19,44863486,39399447.28571428
2020-05-20,51933458,40801239.71428572
2020-05-21,31670133,39102090.428571425
2020-05-22,39066996,38287935.14285714
2020-05-23,30352348,38355279.14285714
2020-05-24,34559333,39443686.85714286
2020-05-25,45598638,39720627.428571425
2020-05-26,45002616,39740503.14285714
2020-05-27,46278509,38932653.28571428
2020-05-28,48601802,41351463.14285714
2020-05-29,53800546,43456256.0
2020-05-30,39635266,44782387.14285714
2020-05-31,30757874,44239321.571428575
2020-06-01,38292994,43195658.14285714
2020-06-02,50266886,43947696.71428572
2020-06-03,48229728,44226442.28571428
2020-06-04,48562253,44220792.428571425
2020-06-05,50119343,43694906.28571428
2020-06-06,36414648,43234818.0
2020-06-07,31881102,43395279.14285714
2020-06-08,47209372,44669047.428571425
2020-06-09,47835591,44321719.571428575
2020-06-10,53802171,45117782.85714286
2020-06-11,39836260,43871212.428571425
2020-06-12,47952628,43561681.71428572
2020-06-13,39097308,43944918.85714286
2020-06-14,39738464,45067399.14285714
2020-06-15,49565124,45403935.14285714
2020-06-16,48399145,45484442.85714286
2020-06-17,49246582,44833644.428571425
2020-06-18,51354166,46479059.571428575
2020-06-19,54052011,47350400.0
2020-06-20,40461887,47545339.85714286
2020-06-21,39328551,47486780.85714286
2020-06-22,49710462,47507543.428571425
2020-06-23,49549307,47671852.28571428
2020-06-24,50953867,47915750.14285714
2020-06-25,52890961,48135292.28571428
2020-06-26,55725592,48374375.28571428
2020-06-27,42187867,48620943.85714286
2020-06-28,40682580,48814376.571428575
2020-06-29,50526076,48930892.85714286
2020-06-30,50822246,49112741.28571428
2020-07-01,51673188,49215501.428571425
2020-07-02,53370637,49284026.571428575
2020-07-03,57251915,49502072.71428572
2020-07-04,44935649,49894613.0
2020-07-05,42315539,50127892.85714286
2020-07-06,51223777,50227564.428571425
2020-07-07,50663546,50204893.0
2020-07-08,51561592,50188950.71428572
2020-07-09,53901314,50264761.71428572
2020-07-10,57294773,50270884.28571428
2020-07-11,46093974,50436359.28571428
2020-07-12,44720264,50779891.428571425
2020-07-13,52006498,50891708.71428572
2020-07-14,51472097,51007216.0
2020-07-15,52719912,51172690.28571428
2020-07-16,54800654,51301167.428571425
2020-07-17,59607456,51631550.71428572
2020-07-18,50216328,52220458.428571425
2020-07-19,47318544,52591641.28571428
2020-07-20,52850813,52712257.71428572
2020-07-21,51798351,52758865.428571425
2020-07-22,53408235,52857197.28571428
2020-07-23,55485113,52954977.14285714
2020-07-24,59218918,52899471.71428572
2020-07-25,49831911,52844555.0
2020-07-26,45719520,52616123.0
2020-07-27,52687571,52592802.71428572
2020-07-28,51623422,52567812.85714286
2020-07-29,53939245,52643671.428571425
2020-07-30,56485264,52786550.14285714
2020-07-31,59915848,52886111.571428575
2020-08-01,51429779,53114378.428571425
2020-08-02,48540655,53517397.71428572
2020-08-03,53669163,53657625.14285714
2020-08-04,52213615,53741938.428571425
2020-08-05,53598440,53693252.0
2020-08-06,55266609,53519158.428571425
2020-08-07,58636229,53336355.71428572
2020-08-08,49765653,53098623.428571425
2020-08-09,47728385,52982584.85714286
2020-08-10,52840665,52864228.0
2020-08-11,50897376,52676193.85714286
2020-08-12,52406187,52505872.0
2020-08-13,54687783,52423182.571428575
2020-08-14,58217598,52363378.14285714
2020-08-15,48796222,52224888.0
2020-08-16,47279266,52160728.14285714
2020-08-17,52752036,52148066.85714286
2020-08-18,51660900,52257141.71428572
2020-08-19,53610040,52429120.71428572
2020-08-20,55401793,52531122.14285714
2020-08-21,58027934,52504027.28571428
2020-08-22,48177960,52415704.14285714
2020-08-23,46754675,52340762.571428575
2020-08-24,52801742,52347863.428571425
2020-08-25,52223643,52428255.28571428
2020-08-26,52717878,52300803.571428575
2020-08-27,56041037,52392124.14285714
2020-08-28,59187706,52557805.85714286
2020-08-29,48882796,52658496.71428572
2020-08-30,45660337,52502162.71428572
2020-08-31,53223685,52562440.28571428
2020-09-01,51913168,52518086.71428572
2020-09-02,53064946,52567667.85714286
2020-09-03,55462603,52485034.428571425
2020-09-04,59280759,52498327.71428572
2020-09-05,48155156,52394379.14285714
2020-09-06,47066427,52595249.14285714
2020-09-07,53068532,52573084.428571425
2020-09-08,52312464,52630126.71428572
2020-09-09,53789448,52733627.0
2020-09-10,56037274,52815722.85714286
2020-09-11,59697858,52875308.428571425
2020-09-12,48866970,52976996.14285714
2020-09-13,48546646,53188456.0
2020-09-14,53183133,53204827.571428575
2020-09-15,52419747,53220153.71428572
2020-09-16,53707720,53208478.28571428
2020-09-17,56051528,53210514.571428575
2020-09-18,59308762,53154929.428571425
2020-09-19,47665756,52983327.428571425
2020-09-20,47790576,52875317.428571425
2020-09-21,53138358,52868921.0
2020-09-22,52696503,52908457.571428575
2020-09-23,53601909,52893341.71428572
2020-09-24,55658547,52837201.571428575
2020-09-25,58468942,52717227.28571428
2020-09-26,43916463,52181614.0
2020-09-27,41791221,51324563.28571428
2020-09-28,51933806,51152484.428571425
2020-09-29,51834166,51029293.428571425
2020-09-30,53993997,51085306.0
2020-10-01,55307422,51035145.28571428
2020-10-02,59092335,51124201.428571425
2020-10-03,38874559,50403929.428571425
2020-10-04,42417314,50493371.28571428
2020-10-05,52661259,50597293.14285714
2020-10-06,50985149,50476005.0
2020-10-07,52400702,50248391.428571425
2020-10-08,54278600,50101416.85714286
2020-10-09,57268113,49840813.71428572
2020-10-10,45837798,50835562.14285714
2020-10-11,41384519,50688020.0
2020-10-12,51146631,50471644.571428575
2020-10-13,50664150,50425787.571428575
2020-10-14,51501393,50297314.85714286
2020-10-15,53307026,50158518.571428575
2020-10-16,55417970,49894212.428571425
2020-10-17,42981678,49486195.28571428
2020-10-18,38706155,49103571.85714286
2020-10-19,50015136,48941929.71428572
2020-10-20,49390196,48759936.28571428
2020-10-21,50269305,48583923.71428572
2020-10-22,51878816,48379893.71428572
2020-10-23,53261881,48071881.0
2020-10-24,39250700,47538884.14285714
2020-10-25,34602102,46952590.85714286
2020-10-26,47147038,46542862.571428575
2020-10-27,47663593,46296205.0
2020-10-28,48636661,46062970.14285714
2020-10-29,49737795,45757110.0
2020-10-30,51697960,45533692.71428572
2020-10-31,36258098,45106178.14285714
2020-11-01,30377066,44502601.571428575
2020-11-02,45032400,44200510.428571425
2020-11-03,44491467,43747349.571428575
2020-11-04,45046013,43234399.85714286
2020-11-05,46191291,42727756.428571425
2020-11-06,46557197,41993361.71428572
2020-11-07,31224768,41274314.571428575
2020-11-08,25302637,40549396.14285714
2020-11-09,44319880,40447607.571428575
2020-11-10,44485854,40446805.71428572
2020-11-11,45074937,40450937.71428572
2020-11-12,45975266,40420077.0
2020-11-13,46925538,40472697.14285714
2020-11-14,31502691,40512400.428571425
2020-11-15,25964260,40606918.0
2020-11-16,44492917,40631637.571428575
2020-11-17,44832311,40681131.428571425
2020-11-18,45455722,40735529.28571428
2020-11-19,46264871,40776901.428571425
2020-11-20,47138151,40807274.71428572
2020-11-21,30717745,40695139.571428575
2020-11-22,24648719,40507205.14285714
2020-11-23,44588857,40520910.85714286
2020-11-24,45148005,40566010.0
2020-11-25,46053933,40651468.71428572
2020-11-26,47267746,40794736.571428575
2020-11-27,48704097,41018443.14285714
2020-11-28,31963290,41196378.14285714
2020-11-29,25701186,41346730.571428575
2020-11-30,45996602,41547837.0
2020-12-01,43218695,41272221.28571428
2020-12-02,45640768,41213197.71428572
2020-12-03,46947965,41167514.71428572
2020-12-04,47905481,41053426.71428572
2020-12-05,30884086,40899254.71428572
2020-12-06,24518140,40730248.14285714
2020-12-07,45233338,40621210.428571425
2020-12-08,46236723,41052357.28571428
2020-12-09,45539887,41037945.71428572
2020-12-10,47179730,41071055.0
2020-12-11,47733468,41046481.71428572
2020-12-12,31164530,41086545.14285714
2020-12-13,23118353,40886575.571428575
2020-12-14,46002964,40996522.14285714
2020-12-15,46772572,41073072.0
2020-12-16,43328826,40757206.14285714
2020-12-17,44156977,40325384.28571428
2020-12-18,44847855,39913153.85714286
2020-12-19,29448516,39668009.0
2020-12-20,21083039,39377249.85714286
2020-12-21,37162976,38114394.428571425
2020-12-22,38689847,36959719.428571425
2020-12-23,38560692,36278557.428571425
2020-12-24,25036573,33547071.14285714
2020-12-25,22550854,30361785.285714287
2020-12-26,24185333,29609902.0
2020-12-27,24213708,30057140.42857143
2020-12-28,29556581,28970512.57142857
2020-12-29,30574576,27811188.14285714
2020-12-30,31428260,26792269.285714287
2020-12-31,19071571,25940126.14285714
2021-01-01,14281330,24758765.57142857
2021-01-02,24385021,24787292.42857143
2021-01-03,23115200,24630362.714285713
2021-01-04,32873894,25104264.57142857
2021-01-05,34508224,25666214.285714287
2021-01-06,31616202,25693063.14285714
2021-01-07,35117679,27985364.285714287
2021-01-08,35549479,31023671.285714287
2021-01-09,24810908,31084512.285714287
2021-01-10,23510940,31141046.57142857
2021-01-11,38723847,31976754.14285714
2021-01-12,36994420,32331925.0
2021-01-13,38726360,33347661.85714286
2021-01-14,39414153,33961443.85714286
2021-01-15,39242405,34489004.71428572
2021-01-16,23116926,34247007.28571428
2021-01-17,17640967,33408439.714285713
2021-01-18,38949750,33440711.57142857
2021-01-19,39256754,33763902.14285714
2021-01-20,40146117,33966724.571428575
2021-01-21,40960780,34187671.28571428
2021-01-22,40357966,34347037.14285714
2021-01-23,23651771,34423443.571428575
2021-01-24,19013980,34619588.28571428
2021-01-25,38768305,34593667.571428575
2021-01-26,39193891,34584687.14285714
2021-01-27,39725848,34524648.71428572
2021-01-28,40908837,34517228.28571428
2021-01-29,40830561,34584741.85714286
2021-01-30,24486124,34703935.14285714
2021-01-31,22303411,35173853.85714286
2021-02-01,39935092,35340537.71428572
2021-02-02,40269251,35494160.571428575
2021-02-03,40601110,35619198.0
2021-02-04,42783404,35886993.28571428
2021-02-05,42404786,36111882.571428575
2021-02-06,25394272,36241618.0
2021-02-07,15767993,35307986.85714286
2021-02-08,29788878,33858527.71428572
2021-02-09,34452980,33027631.85714286
2021-02-10,36586936,32454178.42857143
2021-02-11,39083711,31925650.85714286
2021-02-12,40406037,31640115.285714287
2021-02-13,25845171,31704529.42857143
2021-02-14,22515820,32668504.714285713
2021-02-15,37694614,33797895.571428575
2021-02-16,40925823,34722587.428571425
2021-02-17,42319418,35541513.428571425
2021-02-18,43716430,36203330.428571425
2021-02-19,44259406,36753811.71428572
2021-02-20,29424037,37265078.28571428
2021-02-21,27533311,37981862.71428572
2021-02-22,42687887,38695187.428571425
2021-02-23,43492292,39061825.85714286
2021-02-24,44658776,39396019.85714286
2021-02-25,45880600,39705187.0
2021-02-26,46374778,40007383.0
2021-02-27,29905826,40076210.0
2021-02-28,27773387,40110506.571428575
2021-03-01,43953201,40291265.71428572
2021-03-02,44297462,40406290.0
2021-03-03,45231114,40488052.571428575
2021-03-04,45679917,40459383.571428575
2021-03-05,46475254,40473737.28571428
2021-03-06,30414000,40546333.571428575
2021-03-07,27336910,40483979.71428572
2021-03-08,44299225,40533411.71428572
2021-03-09,44523845,40565752.14285714
2021-03-10,45968335,40671069.428571425
2021-03-11,46263014,40754369.0
2021-03-12,48004398,40972818.14285714
2021-03-13,30636574,41004614.428571425
2021-03-14,26306840,40857461.571428575
2021-03-15,44938726,40948818.85714286
2021-03-16,45426496,41077769.0
2021-03-17,46063389,41091348.14285714
2021-03-18,47545491,41274559.14285714
2021-03-19,48064284,41283114.28571428
2021-03-20,33116455,41637383.0
2021-03-21,26839266,41713443.85714286
2021-03-22,45249018,41757771.28571428
2021-03-23,45827150,41815007.571428575
2021-03-24,47163977,41972234.428571425
2021-03-25,48486071,42106603.0
2021-03-26,50265187,42421017.71428572
2021-03-27,33690312,42502997.28571428
2021-03-28,28425513,42729604.0
2021-03-29,45986170,42834911.428571425
2021-03-30,47679295,43099503.571428575
2021-03-31,50650543,43597584.428571425
2021-04-01,53086746,44254823.71428572
2021-04-02,33425601,41849168.571428575
2021-04-03,29611951,41266545.571428575
2021-04-04,27473932,41130605.428571425
2021-04-05,32868969,39256719.571428575
2021-04-06,44947615,38866479.571428575
2021-04-07,44813110,38032560.571428575
2021-04-08,47241221,37197485.571428575
2021-04-09,48429654,39340921.71428572
2021-04-10,32929328,39814832.71428572
2021-04-11,28658325,39984031.71428572
2021-04-12,44898186,41702491.28571428
2021-04-13,45348957,41759825.85714286
2021-04-14,46192936,41956943.85714286
2021-04-15,47589829,42006745.0
2021-04-16,48109013,41960939.14285714
2021-04-17,31322810,41731436.571428575
2021-04-18,26457331,41417008.85714286
2021-04-19,44748768,41395663.428571425
2021-04-20,45822637,41463332.0
2021-04-21,46283234,41476231.71428572
2021-04-22,47650937,41484961.428571425
2021-04-23,48737032,41574678.428571425
2021-04-24,32153645,41693369.14285714
2021-04-25,29004030,42057183.28571428
2021-04-26,45021743,42096179.71428572
2021-04-27,45810008,42094375.571428575
2021-04-28,46756975,42162052.85714286
2021-04-29,47901953,42197912.28571428
2021-04-30,49335562,42283416.571428575
2021-05-01,27258488,41584108.428571425
2021-05-02,27202934,41326809.0
2021-05-03,45295535,41365922.14285714
2021-05-04,44545164,41185230.14285714
2021-05-05,46127027,41095237.571428575
2021-05-06,47645217,41058561.0
2021-05-07,49017025,41013055.71428572
2021-05-08,34202004,42004986.571428575
2021-05-09,34252973,43012135.0
2021-05-10,46387845,43168179.28571428
2021-05-11,47380985,43573296.571428575
2021-05-12,54283549,44738514.0
2021-05-13,32712159,42605220.0
2021-05-14,42572605,41684588.571428575
2021-05-15,33885719,41639405.0
2021-05-16,35765521,41855483.28571428
2021-05-17,47332080,41990374.0
2021-05-18,47462774,42002058.14285714
2021-05-19,48816240,41221014.0
2021-05-20,51405453,43891484.571428575
2021-05-21,56580784,45892653.0
2021-05-22,40635117,46856852.71428572
2021-05-23,31274054,46215214.571428575
2021-05-24,38327254,44928810.85714286
2021-05-25,51162331,45457319.0
2021-05-26,49974971,45622852.0
2021-05-27,50985878,45562912.71428572
2021-05-28,54288248,45235407.571428575
2021-05-29,41480473,45356172.71428572
2021-05-30,38224176,46349047.28571428
2021-05-31,50083118,48028456.428571425
2021-06-01,50866244,47986158.28571428
2021-06-02,56436180,48909188.14285714
2021-06-03,42847607,47746578.0
2021-06-04,49265873,47029095.85714286
2021-06-05,40959351,46954649.85714286
2021-06-06,42412959,47553047.428571425
2021-06-07,50080762,47552710.85714286
2021-06-08,49788863,47398799.28571428
2021-06-09,50878101,46604788.0
2021-06-10,53008784,48056384.71428572
2021-06-11,55909879,49005528.428571425
2021-06-12,42968569,49292559.571428575
2021-06-13,41785575,49202933.28571428
2021-06-14,51029411,49338454.571428575
2021-06-15,51089008,49524189.571428575
2021-06-16,52102068,49699042.0
2021-06-17,53738457,49803281.0
2021-06-18,56935219,49949758.14285714
2021-06-19,43315940,49999382.571428575
2021-06-20,41685632,49985105.0
2021-06-21,51071781,49991157.85714286
2021-06-22,50938967,49969723.428571425
2021-06-23,52651391,50048198.14285714
2021-06-24,54637369,50176614.14285714
2021-06-25,58711031,50430301.571428575
2021-06-26,46747920,50920584.428571425
2021-06-27,45404869,51451904.0
2021-06-28,52238105,51618521.71428572
2021-06-29,50689024,51582815.571428575
2021-06-30,54055064,51783340.28571428
2021-07-01,56274902,52017273.571428575
2021-07-02,60470266,52268592.85714286
2021-07-03,49327654,52637126.28571428
2021-07-04,45574973,52661426.85714286
2021-07-05,53616811,52858384.85714286
2021-07-06,52045034,53052100.571428575
2021-07-07,53930806,53034349.428571425
2021-07-08,55786537,52964583.0
2021-07-09,60163702,52920788.14285714
2021-07-10,49999879,53016820.28571428
2021-07-11,46425640,53138344.14285714
2021-07-12,54064640,53202319.71428572
2021-07-13,52578542,53278535.14285714
2021-07-14,53988471,53286773.0
2021-07-15,56652066,53410420.0
2021-07-16,61420914,53590021.71428572
2021-07-17,51919189,53864208.85714286
2021-07-18,49251086,54267844.0
2021-07-19,54265275,54296506.14285714
2021-07-20,53469047,54423721.14285714
2021-07-21,55401589,54625595.14285714
2021-07-22,57682180,54772754.28571428
2021-07-23,62369543,54908272.71428572
2021-07-24,53521206,55137132.28571428
2021-07-25,49324860,55147671.428571425
2021-07-26,53864960,55090483.571428575
2021-07-27,53041523,55029408.71428572
2021-07-28,54985867,54970019.85714286
2021-07-29,58283505,55055923.428571425
2021-07-30,62435635,55065365.14285714
2021-07-31,56416854,55479029.14285714
2021-08-01,51637401,55809392.14285714
2021-08-02,54404014,55886399.85714286
2021-08-03,52587887,55821594.71428572
2021-08-04,54359729,55732146.428571425
2021-08-05,56528397,55481416.71428572
2021-08-06,60268720,55171857.428571425
2021-08-07,53748949,54790728.14285714
2021-08-08,51808913,54815229.85714286
2021-08-09,54244896,54792498.71428572
2021-08-10,53242231,54885976.428571425
2021-08-11,56220019,55151732.14285714
2021-08-12,58665701,55457061.28571428
2021-08-13,61433340,55623435.571428575
2021-08-14,55195119,55830031.28571428
2021-08-15,53739646,56105850.28571428
2021-08-16,54835184,56190177.14285714
2021-08-17,53096812,56169403.0
2021-08-18,54563125,55932703.85714286
2021-08-19,56967385,55690087.28571428
2021-08-20,61128581,55646550.28571428
2021-08-21,54058140,55484124.71428572
2021-08-22,50271859,54988726.571428575
2021-08-23,54916090,55000284.571428575
2021-08-24,54508370,55201935.71428572
2021-08-25,56334843,55455038.28571428
2021-08-26,57611910,55547113.28571428
2021-08-27,61044755,55535138.14285714
2021-08-28,52643525,55333050.28571428
2021-08-29,48568901,55089770.571428575
2021-08-30,54258486,54995827.14285714
2021-08-31,54370555,54976139.28571428
2021-09-01,55718601,54888104.71428572
2021-09-02,58266122,54981563.571428575
2021-09-03,62799006,55232170.85714286
2021-09-04,53581884,55366222.14285714
2021-09-05,53597357,56084573.0
2021-09-06,55696897,56290060.28571428
2021-09-07,53833092,56213279.85714286
2021-09-08,55463974,56176904.571428575
2021-09-09,57454840,56061007.14285714
2021-09-10,60962784,55798689.71428572
2021-09-11,50771526,55397210.0
2021-09-12,50948560,55018810.428571425
2021-09-13,54057245,54784574.428571425
2021-09-14,53339292,54714031.571428575
2021-09-15,54288004,54546035.85714286
2021-09-16,56791797,54451315.428571425
2021-09-17,61634994,54547345.428571425
2021-09-18,50336361,54485179.0
2021-09-19,50013599,54351613.14285714
2021-09-20,53746693,54307248.571428575
2021-09-21,53100077,54273075.0
2021-09-22,54666483,54327143.428571425
2021-09-23,56920153,54345480.0
2021-09-24,60485455,54181260.14285714
2021-09-25,49502597,54062151.0
2021-09-26,47090397,53644550.71428572
2021-09-27,53379701,53592123.28571428
2021-09-28,53380008,53632113.428571425
2021-09-29,54357131,53587920.28571428
2021-09-30,57722790,53702582.71428572
2021-10-01,61265417,53814005.85714286
2021-10-02,48751806,53706750.0
2021-10-03,46270361,53589602.0
2021-10-04,53536737,53612035.71428572
2021-10-05,52506999,53487320.14285714
2021-10-06,53812323,53409490.428571425
2021-10-07,56308359,53207428.85714286
2021-10-08,60833251,53145690.85714286
2021-10-09,50374769,53377542.71428572
2021-10-10,48255986,53661203.428571425
2021-10-11,53368623,53637187.14285714
2021-10-12,51892011,53549331.71428572
2021-10-13,53592259,53517894.0
2021-10-14,55941840,53465534.14285714
2021-10-15,59736973,53308923.0
2021-10-16,50096823,53269216.428571425
2021-10-17,46857147,53069382.28571428
2021-10-18,53431640,53078384.71428572
2021-10-19,52169759,53118063.0
2021-10-20,54113212,53192484.85714286
2021-10-21,54431228,52976683.14285714
2021-10-22,59360366,52922882.14285714
2021-10-23,48421571,52683560.428571425
2021-10-24,45638028,52509400.571428575
2021-10-25,52451335,52369357.0
2021-10-26,52243415,52379879.28571428
2021-10-27,53832238,52339740.14285714
2021-10-28,56634128,52654440.14285714
2021-10-29,61408439,52947022.0
2021-10-30,48279711,52926756.28571428
2021-10-31,40509043,52194044.14285714
2021-11-01,45826860,51247690.571428575
2021-11-02,52936424,51346691.85714286
2021-11-03,52876873,51210211.14285714
2021-11-04,54268217,50872223.85714286
2021-11-05,56639646,50190967.71428572
2021-11-06,43091715,49449825.428571425
2021-11-07,38881475,49217315.71428572
2021-11-08,50741761,49919444.428571425
2021-11-09,50651515,49593028.85714286
2021-11-10,51895748,49452868.14285714
2021-11-11,53239486,49305906.571428575
2021-11-12,54750546,49036035.14285714
2021-11-13,39013324,48453407.85714286
2021-11-14,36251819,48077742.71428572
2021-11-15,50054813,47979607.28571428
2021-11-16,50018859,47889227.85714286
2021-11-17,50544740,47696226.71428572
2021-11-18,52416679,47578682.85714286
2021-11-19,54057831,47479723.571428575
2021-11-20,39028668,47481915.571428575
2021-11-21,34771737,47270475.28571428
2021-11-22,48769810,47086903.428571425
2021-11-23,48612537,46886000.28571428
2021-11-24,49244182,46700206.28571428
2021-11-25,51100115,46512125.71428572
2021-11-26,52796278,46331903.85714286
2021-11-27,36826148,46017258.14285714
2021-11-28,33027566,45768090.85714286
2021-11-29,47622804,45604232.85714286
2021-11-30,46898275,45359338.28571428
2021-12-01,48108775,45197137.28571428
2021-12-02,49154414,44919180.0
2021-12-03,51529080,44738151.71428572
2021-12-04,35544108,44555003.14285714
2021-12-05,31860777,44388319.0
2021-12-06,47229183,44332087.428571425
2021-12-07,47521435,44421110.28571428
2021-12-08,47905947,44392134.85714286
2021-12-09,48889784,44354330.571428575
2021-12-10,50992691,44277703.571428575
2021-12-11,36680985,44440114.571428575
2021-12-12,31349788,44367116.14285714
2021-12-13,47636129,44425251.28571428
2021-12-14,48654640,44587137.71428572
2021-12-15,50163238,44909607.85714286
2021-12-16,51639441,45302416.0
2021-12-17,54518340,45806080.14285714
2021-12-18,41359637,46474459.0
2021-12-19,33029125,46714364.28571428
2021-12-20,47451156,46687939.571428575
2021-12-21,49124708,46755092.14285714
2021-12-22,52149213,47038802.85714286
2021-12-23,52688938,47188731.0
2021-12-24,32666091,44066981.14285714
2021-12-25,32354733,42780566.28571428
2021-12-26,38689825,43589237.71428572
2021-12-27,42884833,42936905.85714286
2021-12-28,41452599,41840890.28571428
2021-12-29,41882438,40374208.14285714
2021-12-30,43390035,39045793.428571425
2021-12-31,26765605,38202866.85714286
